Model Number,Model Name,Variant,Retail Price,Market Price
Root Beer 126711CHNR,GMT-Master II,,"$16,700","$18,074"
226570,Explorer II,,"$9,650","$10,386"
226570-0001,Explorer II,White Dial,"$9,650","$10,153"
226570-0002,Explorer II,Black Dial,,"$10,591"
124060,Submariner,,"$9,100","$10,991"
Sprite 126720,GMT-Master II Sprite (Left-handed),,"$11,250","$16,673"
126720VTNR-0001,GMT-Master II ,,"$11,450","$16,218"
126720VTNR-0002,GMT-Master II ,,"$11,450","$16,854"
126613LB,Submariner Date (Oystersteel and yellow gold),,"$16,150","$16,160"
Batman 116710BLNR,GMT-Master II Batman,,~$9400,"$13,642"
126331,Datejust 41,,"$14,600","$15,204"
126500,Cosmograph Daytona,,"$15,100","$29,492"
126500LN-0001,Cosmograph Daytona,White Dial,"$15,100","$31,241"
126500LN-0002,Cosmograph Daytona,Black Dial,"$15,100","$27,569"
126600,Sea-Dweller,,"$13,250","$12,166"
126600-0001,Sea-Dweller,,"$13,900","$13,278"
126600-0002,Sea-Dweller,,"$13,250","$13,270"
216570,Explorer II,,"$8,350","$8,346"
216570-0001,Explorer II,White Dial,,"$8,599"
216570-0002,Explorer II,Black Dial,,"$8,097"
Starbucks 126610LV,Submariner Date,,"$10,800","$14,264"
116503,Cosmograph Daytona,,"$19,100","$19,400"
116503-0001,Cosmograph Daytona,,"$19,100","$22,850"
116503-0003,Cosmograph Daytona,,"$19,100","$24,825"
116503-0004,Cosmograph Daytona,,"$19,100","$23,441"
116503-0006,Cosmograph Daytona,,"$19,700","$24,510"
116503-0007,Cosmograph Daytona,,"$22,500","$30,578"
116503-0008,Cosmograph Daytona,,"$19,700","$23,284"
116503-0009,Cosmograph Daytona,,"$22,500","$26,501"
116503-0011,Cosmograph Daytona,,"$21,100","$31,561"
126713,GMT-Master II,,"$17,000","$18,972"
126200,Datejust 36,,"$7,450","$8,209"
116500,Cosmograph Daytona,,"$14,800","$26,051"
116500LN-0001,Cosmograph Daytona,White Dial,"$14,800","$27,565"
116500LN-0002,Cosmograph Daytona,Black Dial,"$14,800","$24,422"
126622,Yacht-Master,,"$12,300","$13,264"
126622-0001,Yacht-Master,Grey Dial,"$12,300","$13,645"
126622-0002,Yacht-Master,Blue Dial,"$12,300","$12,944"
Bruce Wayne 126710GRNR,GMT-Master II,,"$10,700","$17,733"
124270,Explorer,,"$7,250","$7,286"
116613LB,Submariner,,~$15100,"$13,378"
126900,Air-King,,"$7,450","$8,015"
116520,Daytona,,~$12800,"$19,804"
116520-0015,Daytona,Black Dial,~$12800,"$19,413"
116520-0016,Daytona,White Dial,~$12800,"$20,403"
116900,Air-King,,"$7,150","$6,670"
224270,Explorer,,"$7,700","$8,437"
116400GV,Milgauss,,"$9,300","$9,827"
116400GV-0001,Milgauss,Black Dial,"$9,300","$9,386"
116400GV-0002,Milgauss,Blue Dial,"$9,300","$10,856"
126715,GMT-Master II,,"$42,300","$36,068"
116233,Oyster Perpetual Datejust,,"$13,250","$9,044"
326934,Sky-Dweller,,"$15,650","$18,488"
326934-0001,Sky-Dweller,,"$15,650","$16,669"
326934-0002,Sky-Dweller,,"$15,900","$19,493"
326934-0003,Sky-Dweller,,"$15,650","$19,863"
326934-0004,Sky-Dweller,,"$15,900","$22,303"
326934-0005,Sky-Dweller,,"$15,650","$18,280"
326934-0006,Sky-Dweller,,"$15,900","$20,231"
116200,Datejust 36,,"$7,350","$6,405"
116660,Deepsea Sea-Dweller,,~$11600,"$10,098"
116660-0001,Deepsea Sea-Dweller,Black Dial,"$13,300","$9,386"
116660-0002,Deepsea Sea-Dweller,Blue Dial,"$11,600","$11,556"
16600,Sea-Dweller,,"$6,400","$8,583"
116622,Yacht-Master 40,,"$12,000","$11,518"
116622-0001,Yacht-Master 41,Blue Dial,,"$11,230"
116622-0002,Yacht-Master 42,,,"$11,366"
116622-0003,Yacht-Master 43,,,"$12,114"
126613LN,Submariner Date,,"$16,150","$15,532"
116523,Daytona,,~$18100,"$17,210"
116523-0039,Daytona,,,"$17,834"
116523-0057,Daytona,,,"$19,904"
126234,Datejust 36,,"$8,800","$10,986"
326933,Sky-Dweller,,"$19,250","$17,427"
326933-0001,Sky-Dweller,,"$19,250","$16,993"
326933-0002,Sky-Dweller,,"$19,250","$17,522"
326933-0004,Sky-Dweller,,"$19,900","$21,784"
326933-0005,Sky-Dweller,,"$19,900","$20,129"
326933-0009,Sky-Dweller,,"$19,250","$17,842"
326933-00010,Sky-Dweller,,"$19,900","$20,891"
126603,Sea-Dweller,,"$18,600","$15,484"
14000,Air-King,,~$2600,"$4,319"
114300,Oyster Perpetual 39,,~$5700,"$7,281"
114300-0001,Oyster Perpetual 39,Grey Dial,,"$7,133"
114300-0003,Oyster Perpetual 39,Blue Dial,,"$7,001"
114300-0005,Oyster Perpetual 39,Black Dial,,"$7,179"
114300-0004,Oyster Perpetual 39,White Dial,,"$8,241"
114300-0002,Oyster Perpetual 39,Purple Dial,,"$7,341"
126660,Deepsea Sea-Dweller,,~$12800,"$12,322"
126660-0001,Deepsea Sea-Dweller,Black Dial,~$12800,"$10,920"
,Deepsea Sea-Dweller,Blue Dial,~$13100,"$13,962"
Kermit 16610LV,Submariner,,"$6,400","$13,374"
14060,Submariner,,"$2,800","$8,421"
16220,Datejust,,~$3300,"$5,177"
126503,Cosmograph Daytona,,"$20,100","$23,153"
14060M,Submariner,,"$5,825","$8,418"
18238,Day-Date President,,~$15200,"$17,099"
124273,Explorer,,"$12,050","$9,412"
136660,Deepsea Sea-Dweller,,"$14,150","$14,733"
136660-0003,Deepsea Sea-Dweller,Blue Dial,"$14,460","$15,428"
136660-0004,Deepsea Sea-Dweller,Black Dial,"$14,150","$13,284"
336934,Sky-Dweller,,"$15,850","$22,591"
228235,Day-Date 40,,"$43,200","$46,728"
126233,Datejust 36,,"$12,500","$13,770"
Pepsi 16700,GMT-Master,,"$3,300","$11,580"
226659,Yacht-Master 42,,"$31,800","$26,425"
226659-0002,Yacht-Master 43,,"$31,800","$29,602"
18038,Day-Date President,,~$15200,"$16,537"
126000,Oyster Perpetual 36,,"$6,100","$9,585"
126000-0001,Oyster Perpetual 36,Silver Dial,"$6,100","$7,431"
126000-0002,Oyster Perpetual 36,Black Dial,"$6,100","$7,380"
126000-0003,Oyster Perpetual 36,,"$6,100","$7,255"
126000-0004,Oyster Perpetual 36,Yellow Dial,,"$13,660"
126000-0005,Oyster Perpetual 36,Green Dial,"$6,100","$8,456"
126000-0006,Oyster Perpetual 36,,"$6,100","$13,031"
126000-0007,Oyster Perpetual 36,Orange Dial,,"$11,935"
126000-0008,Oyster Perpetual 36,Pink Dial,"$6,100","$10,049"
126000-0009,Oyster Perpetual 36,,"$6,100","$12,642"
15200,Date,,~$2600,"$4,121"
116334,Datejust,,"$9,350","$8,822"
116515,Cosmograph Daytona,,"$31,500","$33,106"
116515LN-0017,Cosmograph Daytona,,"$31,500","$42,743"
116515LN-0041,Cosmograph Daytona,,"$31,500","$40,370"
116515LN-0059,Cosmograph Daytona,,"$31,500","$43,467"
116515LN-0055,Cosmograph Daytona,,"$35,900","$81,076"
116515LN-0019,Cosmograph Daytona,,"$31,500","$44,541"
116515LN-0057,Cosmograph Daytona,,"$33,500","$45,528"
116515LN-0015,Cosmograph Daytona,,,"$42,560"
116515LN-0013,Cosmograph Daytona,,,"$44,294"
116515LN-0018,Cosmograph Daytona,,,"$43,975"
116680,Yacht-Master II,,"$18,700","$16,445"
116680-0001,Yacht-Master II,,,"$18,108"
116680-0002,Yacht-Master II,,"$18,700","$17,435"
116400,Milgauss,,"$7,650","$7,958"
116400-0001,Milgauss,Black Dial,,"$7,941"
116400-0002,Milgauss,White Dial,,"$7,962"
Ghost 116519,Cosmograph Daytona,,"$31,500","$35,541"
Ghost 116519LN-0027,Cosmograph Daytona,,"$31,500","$41,903"
Ghost 116519LN-0025,Cosmograph Daytona,,"$33,500","$40,670"
Ghost 116519LN-0024,Cosmograph Daytona,,,"$41,043"
116505,Cosmograph Daytona,,~$39900,"$41,918"
116505-0005,Cosmograph Daytona,,~$43400,"$58,026"
116505-0008,Cosmograph Daytona,,~$41600,"$51,939"
116505-0009,Cosmograph Daytona,,~$39900,"$50,150"
116505-0012,Cosmograph Daytona,,~$46300,"$62,747"
116505-0013,Cosmograph Daytona,,~$41600,"$58,003"
116505-0016,Cosmograph Daytona,,"$41,600","$57,306"
116505-0015,Cosmograph Daytona,,"$43,600","$56,521"
116505-0017,Cosmograph Daytona,,"$47,900","$63,298"
16622,Yacht-Master,,"$11,650","$8,349"
16014,Oyster Perpetual Datejust,,~$2500,"$5,754"
126333,Datejust 41,,"$14,150","$14,187"
126231,Datejust 36,,"$12,800","$13,927"
68273,Datejust 31,,~$5900,"$6,361"
126655,Yacht-Master 40,,"$30,000","$25,741"
126655-0005,Yacht-Master 40,,"$47,800","$45,040"
126655-0002,Yacht-Master 40,,"$30,000","$31,590"
16570,Explorer II,,"$6,325","$7,164"
16570-0001,Explorer II,White Dial,,"$7,540"
16570-0002,Explorer II,Black Dial,,"$5,895"
79174,Ladies Datejust,,~$2700,"$4,075"
126515,Cosmograph Daytona,,"$33,500","$39,871"
79173,Ladies Datejust,,~$7300,"$4,620"
116509,Cosmograph Daytona,,"$41,600","$37,401"
116509-0036,Cosmograph Daytona,,~$43400,"$38,160"
116509-0055,Cosmograph Daytona,,"$43,600","$52,115"
116509-0071,Cosmograph Daytona,,"$41,600","$50,529"
116509-0072,Cosmograph Daytona,,"$41,600","$48,134"
116000,Oyster Perpetual 36,,~$5700,"$6,079"
116000-0012,Oyster Perpetual 36,White Dial,,"$6,454"
116000-0002,Oyster Perpetual 36,Blue Dial,,"$5,945"
116000-0013,Oyster Perpetual 36,Black Dial,,"$6,095"
116000-0009,Oyster Perpetual 36,Silver Dial,,"$5,940"
116000-0010,Oyster Perpetual 36,Purple Dial,,"$6,664"
116000-0011,Oyster Perpetual 36,,,"$6,368"
69174,Lady Datejust 26,,~$2700,"$4,119"
228238,Day-Date 40,,"$40,100","$40,341"
126519,Cosmograph Daytona,,"$33,500","$39,402"
126519LN-0006,Cosmograph Daytona,,"$33,500","$40,675"
278274,Datejust 31 (Oystersteel and white gold),,"$8,250","$10,553"
126621,Yacht-Master 40 Rolesor Everose,,"$16,400","$14,929"
126621-0001,Yacht-Master 40 Rolesor Everose,Bron Dial,"$16,400","$15,798"
126621-0002,Yacht-Master 40 Rolesor Everose,Black Dial,"$16,400","$14,351"
16200,Datejust,,~$2900,"$5,321"
116655,Yacht-Master 40,,~$24300,"$23,378"
268622,Yacht-Master 37,,"$11,550","$11,745"
116613LN,Submariner Date,,~$15100,"$12,315"
126518,Cosmograph Daytona,,"$31,900","$40,059"
116518,Cosmograph Daytona,,"$29,950","$35,051"
116518LN-0047,Cosmograph Daytona,,"$29,950","$43,357"
116518LN-0043,Cosmograph Daytona,,"$29,950","$42,397"
116518LN-0048,Cosmograph Daytona,,"$29,950","$46,707"
116518LN-0042,Cosmograph Daytona,,"$29,950","$36,798"
116518LN-0078,Cosmograph Daytona,,"$31,950","$45,955"
16523,Daytona,,~$9100,"$15,350"
114200,Oyster Perpetual Air-King,,"$5,050","$5,354"
1142000014,Oyster Perpetual Air-King,Blue Dial,,"$5,150"
1142000019,Oyster Perpetual Air-King,Silver Dial,,"$5,503"
1142000020,Oyster Perpetual Air-King,Purple Dial,,"$5,781"
1142000021,Oyster Perpetual Air-King,Green Dial,,"$6,064"
1142000022,Oyster Perpetual Air-King,,,"$6,094"
1142000023,Oyster Perpetual Air-King,Black Dial,,"$5,528"
1142000024,Oyster Perpetual Air-King,White Dial,,"$4,986"
16520,Daytona Zenith,,~$5600,"$24,555"
116300,Datejust,,~$8100,"$7,198"
14000M,Air-King,,~$2600,"$4,171"
116333,Datejust II,,"$12,700","$11,205"
15210,Date,,~$2600,"$4,472"
116713LN,GMT-Master II,,"$13,000","$12,285"
14270,Explorer,,~$3700,"$5,436"
228239,Day-Date 40,,"$43,200","$37,683"
69178,Ladies Datejust President,,~$11500,"$8,600"
336933,Sky-Dweller,,"$19,850","$21,568"
126509,Cosmograph Daytona,,"$44,300","$45,599"
278273,Datejust 31,,"$11,000","$14,782"
177200,Oyster Perpetual 31,,~$5300,"$5,056"
177200-0017,Oyster Perpetual 31,Purple Dial,,"$5,791"
177200-0018,Oyster Perpetual 31,,,"$4,890"
177200-0016,Oyster Perpetual 31,White Dial,,"$4,821"
177200-0019,Oyster Perpetual 31,Silver Dial,,"$4,767"
177200-0015,Oyster Perpetual 31,Blue Dial,,"$5,141"
177200-0009,Oyster Perpetual 31,,,"$4,743"
326235,"Sky-Dweller (Everose gold, oysterflex bracelet)",,"$42,700","$35,466"
326235-0004,Sky-Dweller,White Dial,"$42,700","$36,197"
326235-0005,Sky-Dweller,Bron Dial,"$42,700","$35,969"
326235-0006,Sky-Dweller,Grey Dial,"$42,700","$36,077"
126618LN,Submariner Date,,"$40,600","$34,505"
179173,Lady Datejust 26 Rolesor Fluted Champagne Oyster,,~$8800,"$7,027"
278240,Datejust 31,,"$7,000","$7,520"
126718,GMT-Master II,,"$40,500","$40,440"
116600,Sea-Dweller 4000,,"$10,400","$13,292"
116231,Datejust,,~$11300,"$10,073"
1500,Date,,~$3500,"$3,305"
76080,Ladies Oyster Perpetual,,~$2200,"$2,739"
116528,Cosmograph Daytona,,~$36200,"$37,769"
179171,Lady Datejust 26 Rolesor Everose Fluted White Oyster,,~$9200,"$7,494"
116506,Cosmograph Daytona,,~$81300,"$85,333"
116506-0001,Cosmograph Daytona,,~$81300,"$84,089"
116506-0002,Cosmograph Daytona,,~$88100,"$106,137"
116264,Datejust Turn-O-Graph,,"$7,650","$7,160"
116621,Yacht-Master 40 Rolesor Everose,,~$13700,"$13,360"
116621-0001,Yacht-Master 40 Rolesor Everose,Bron Dial,,"$13,495"
116621-0002,Yacht-Master 40 Rolesor Everose,Black Dial,,"$13,275"
277200,Oyster Perpetual 31,,"$5,650","$7,454"
277200-0001,Oyster Perpetual 31,Silver Dial,"$5,650","$6,340"
277200-0003,Oyster Perpetual 31,,"$5,650","$6,648"
277200-0004,Oyster Perpetual 31,Pink Dial,"$5,650","$7,368"
277200-0005,Oyster Perpetual 31,Yellow Dial,,"$8,318"
277200-0006,Oyster Perpetual 31,Green Dial,"$5,650","$6,914"
277200-0007,Oyster Perpetual 31,,"$5,650","$9,051"
277200-0002,Oyster Perpetual 31,Black Dial,"$5,650","$5,956"
277200-0008,Oyster Perpetual 31,Red Dial,,"$8,459"
277200-0010,Oyster Perpetual 31,,"$5,650","$9,158"
176200,Oyster Perpetual 26,,~$5200,"$3,540"
176200-0004,Oyster Perpetual 26,Pink Dial,,"$3,601"
176200-0014,Oyster Perpetual 26,Green Dial,,"$4,530"
176200-0017,Oyster Perpetual 26,Black Dial,,"$3,608"
176200-0016,Oyster Perpetual 26,Purple Dial,,"$4,501"
176200-0011,Oyster Perpetual 26,White Dial,,"$3,690"
176200-0015,Oyster Perpetual 26,Silver Dial,,"$3,598"
326238,"Sky-Dweller (Yellow gold, oysterflex bracelet)",,"$41,050","$32,702"
326238-0006,Sky-Dweller,White Dial,"$41,050","$34,319"
326238-0007,Sky-Dweller,Champagne Dial,"$41,050","$33,809"
326238-0009,Sky-Dweller,Black Dial,"$41,050","$33,359"
179174,Ladies Datejust,,~$7700,"$5,757"
116681,Yacht-Master II,,"$25,400","$19,867"
116681-0001,Yacht-Master II,,,"$22,818"
116681-0002,Yacht-Master II,,"$25,400","$25,571"
77080,Oyster Perpetual,,~$2200,"$4,226"
126610,Submariner Date,,"$10,250","$12,889"
14010,Air-King,,~$2600,"$3,908"
124200,Oyster Perpetual 34,,"$5,800","$6,392"
124200-0001,Oyster Perpetual 34,Silver Dial,"$5,800","$6,736"
124200-0002,Oyster Perpetual 34,Black Dial,"$5,800","$6,286"
124200-0003,Oyster Perpetual 34,Blue Dial,"$5,800","$6,172"
124200-0004,Oyster Perpetual 34,Pink Dial,"$5,800","$6,835"
16264,Datejust Turn-O-Graph,,~$3700,"$5,522"
126505,Cosmograph Daytona,,"$44,300","$49,045"
116619,Submariner,,"$39,650","$33,851"
Pepsi 126710BLRO,GMT-Master II Pepsi,,"$10,700","$19,312"
Pepsi 126710BLRO-0001,GMT-Master II,,"$10,900","$20,078"
Pepsi 126710BLRO-0002,GMT-Master II,,"$10,700","$19,005"
16623,Yacht-Master,,~$13300,"$10,674"
279173,Lady Datejust,,"$10,150","$11,268"
1603,Datejust,,"$3,895",
116618LB,Submariner Date,,"$36,950","$30,686"
126619LB,Submariner Date,,"$43,700","$32,236"
178273,Datejust 31,,~$9800,"$10,851"
115200,Date 34,,~$7000,"$6,009"
114060,Submariner,,"$7,900","$9,504"
16030,Datejust,,~$3100,"$4,705"
126301,Datejust 41,,"$14,500","$12,827"
5500,Air-King,,~$2500,"$3,020"
68278,Datejust President 31,,"$13,984",
Batgirl 126710BLNR,GMT-Master II Batgirl,,"$10,700","$15,992"
Batgirl 126710BLNR-0002,GMT-Master II,,"$10,900","$16,635"
Batgirl 126710BLNR-0003,GMT-Master II,,"$10,700","$15,796"
178274,Ladies Datejust 31,,~$8000,"$8,175"
279174,Lady Datejust,,"$8,050","$9,295"
116688,Yacht-Master II,,"$43,500","$37,445"
116688-0001,Yacht-Master II,,,"$43,369"
116688-0002,Yacht-Master II,,"$43,500","$39,398"
16713,GMT-Master II,,"$8,925","$11,276"
118238,Day-Date,,~$33300,"$21,994"
5513,Submariner,,~$2500,"$12,587"
116718,"GMT-Master II ""Anniversary Green""",,"$33,250","$36,918"
116718-0001,"GMT-Master II ""Anniversary Green""",Black Dial,,"$32,941"
116718-0002,"GMT-Master II ""Anniversary Green""",Green Dial,,"$38,073"
15000,Date,,~$3500,"$3,770"
116243,Datejust 36 Rolesor Yellow,,~$17100,"$13,160"
276200,Oyster Perpetual 28,,"$5,550","$5,567"
276200-0001,Oyster Perpetual 28,Silver Dial,"$5,550","$5,748"
276200-0002,Oyster Perpetual 28,Black Dial,"$5,550","$5,374"
276200-0003,Oyster Perpetual 28,Blue Dial,"$5,550","$5,547"
276200-0004,Oyster Perpetual 28,Pink Dial,"$5,550","$6,011"
226658,Yacht-Master 42,,"$30,300","$30,212"
278271,Datejust 31,,"$11,300","$13,781"
116508,Cosmograph Daytona,,"$38,700","$59,381"
116508-0004,Cosmograph Daytona,,"$38,700","$56,458"
116508-0007,Cosmograph Daytona,,~$42000,"$89,283"
116508-0008,Cosmograph Daytona,,~$39200,"$49,707"
116508-0009,Cosmograph Daytona,,"$38,700","$60,587"
116508-0013,Cosmograph Daytona,Green Dial,"$38,700","$70,954"
116508-0014,Cosmograph Daytona,,"$38,700","$65,626"
168622,Yacht-Master 35,,~$11500,"$6,953"
178240,Ladies Datejust 31,,~$6900,"$5,912"
68274,Datejust 31,,~$2900,"$7,028"
226627,Yacht-Master 42 Titanium,,"$14,050","$26,011"
326135,Sky-Dweller,,~$43300,"$25,783"
326135-0008,Sky-Dweller,Grey Dial,,"$31,395"
326135-0001,Sky-Dweller,Bron Dial,,"$26,368"
326135-0004,Sky-Dweller,,,"$36,005"
326135-0006,Sky-Dweller,White Dial,,"$33,478"
16618,Submariner,,"$27,500","$25,644"
16800,Submariner,,~$3600,"$9,971"
6917,Ladies Datejust,,~$4000,"$4,212"
Hulk 116610LV,Submariner,,"$9,050","$17,824"
126300,Datejust 41,,"$8,050","$9,307"
279171,Lady Datejust,,"$10,450","$12,087"
126303,Datejust 41,,"$14,050","$12,046"
268621,Yacht-Master 37,,"$14,800","$14,376"
268621-0003,Yacht-Master 37,Brown Dial,"$14,800","$14,644"
268621-0004,Yacht-Master 37,Black Dial,"$14,800","$13,138"
116618LN,Submariner Date,,"$36,950","$30,469"
126618LB,Submariner Date,,"$40,600","$35,290"
69173,Ladies Datejust,,~$3400,"$4,277"
50525,Dual Time,,~$20800,"$14,477"
326938,Sky-Dweller,,"$48,000","$39,203"
326938-0001,Sky-Dweller,Silver Dial,~$50100,"$40,666"
326938-0002,Sky-Dweller,,~$50100,"$42,213"
326938-0003,Sky-Dweller,,"$48,000","$45,940"
326938-0004,Sky-Dweller,Black Dial,"$48,000","$42,214"
326938-0005,Sky-Dweller,White Dial,"$48,000","$41,767"
326935,Sky-Dweller,,"$50,900","$41,251"
326935-0003,Sky-Dweller,,~$53100,"$51,784"
326935-0004,Sky-Dweller,,~$53100,"$48,012"
326935-0006,Sky-Dweller,,"$50,900","$51,071"
326935-0007,Sky-Dweller,Grey Dial,"$50,900","$43,800"
326935-0005,Sky-Dweller,White Dial,"$50,900","$42,447"
1675,GMT-Master,,~$4700,"$15,320"
279383RBR,Lady Datejust,,"$16,150","$15,733"
16518,Daytona Cosmograph,,~$9800,"$26,435"
126508,Cosmograph Daytona,,"$41,200","$47,594"
16234,Oyster Perpetual Datejust,,~$4400,"$6,082"
116261,Datejust Turn-O-Graph,,~$12000,"$9,070"
50505,Time,,"$15,200","$11,934"
16528,Daytona,,~$18600,"$36,040"
15223,Date,,~$3900,"$4,777"
116201,Datejust,,~$11300,"$9,046"
116719,GMT-Master II,,"$36,750","$32,159"
116719BLRO-0001,GMT-Master II,Black Dial,,"$31,795"
116719-0002,GMT-Master II,Blue Dial,,"$33,647"
1680,Submariner,,~$3000,"$16,832"
126506,Cosmograph Daytona,,"$77,800","$108,685"
126506-0001,Cosmograph Daytona,,"$77,800","$107,499"
279381RBR,Lady Datejust,,"$16,550","$17,057"
218238,Day-Date President,,"$36,650","$35,165"
169622,Ladies Yacht-Master,,~$10500,"$5,105"
126719BLRO,GMT-Master II,,"$42,300","$45,093"
126719BLRO-0002,GMT-Master II,Silver Dial,"$44,600","$49,536"
126719BLRO-0003,GMT-Master II,Blue Dial,"$42,300","$37,067"
1803,Day-Date President,,,"$12,335"
116689,Yacht-Master II,,"$48,150","$27,302"
116689-0002,Yacht-Master II,,"$48,150","$36,122"
124300,Oyster Perpetual 41,,"$6,400","$8,206"
124300-0001,Oyster Perpetual 41,Silver Dial,"$6,400","$7,721"
124300-0002,Oyster Perpetual 41,Black Dial,"$6,400","$7,742"
124300-0003,Oyster Perpetual 41,,"$6,400","$7,821"
124300-0004,Oyster Perpetual 41,Yellow Dial,,"$15,120"
124300-0005,Oyster Perpetual 41,Green Dial,"$6,400","$8,801"
124300-0006,Oyster Perpetual 41,,,"$16,893"
124300-0007,Oyster Perpetual 41,Orange Dial,,"$14,522"
124300-0008,Oyster Perpetual 41,,"$6,400","$16,032"
336238,Sky-Dweller,,"$42,750","$32,672"
67180,Ladies Oyster Perpetual,,~$2100,"$3,012"
16233,Datejust,,~$5900,"$5,956"
268655,Yacht-Master 37,,"$25,800","$20,832"
268655-0019,Yacht-Master 37,,"$42,600","$37,975"
268655-0002,Yacht-Master 37,,~$23600,"$23,463"
178271,Datejust 31 Rolesor Everose,,~$10100,"$12,062"
79160,Ladies Date,,~$2400,"$3,735"
115234,Date 34,,~$8200,"$7,420"
16613,Submariner,,"$9,300","$9,942"
228206,Day-Date 40 Platinum,,~$66000,"$56,863"
1002,Oyster Perpetual,,,"$3,532"
16628,Yacht-Master,,~$32700,"$22,781"
336935,Sky-Dweller,,"$53,000","$60,199"
50515,Date,,"$17,900","$13,351"
79178,Lady Datejust 26,,~$18500,"$10,398"
15053,Oyster Perpetual Date,,,"$4,594"
17013,Datejust Oysterquartz,,,"$4,812"
169623,Ladies Yacht-Master,,~$10600,"$6,242"
179160,Lady Datejust 26,,~$6700,"$4,328"
114270,Explorer,,"$5,050","$5,343"
16013,Datejust,,~$4500,"$4,978"
128238,Day-Date 36,,"$36,500","$39,875"
1501,Oyster Perpetual Date,,~$1900,"$3,211"
116234,Datejust 36,,"$7,950","$8,202"
114210,Air-King,,~$5700,"$5,353"
16710,GMT-Master II,,"$5,750","$12,082"
126281RBR,Datejust 36,,"$19,850","$21,724"
6426,Oyster Precision,,~$1400,"$2,465"
126284RBR,Datejust 36,,"$16,150","$15,367"
116203,Datejust 36 Rolesor Yellow,,~$11300,"$8,424"
1601,Datejust,,~$4100,"$4,609"
218206,Day-Date II,,"$63,250","$53,347"
116244,Datejust 36,,~$14700,"$11,346"
52509,1908,,"$24,200","$24,117"
116034,Oyster Perpetual 36,,~$7200,"$5,907"
118235,Day-Date President 36,,~$36300,"$29,167"
18239,Day-Date President,,~$17800,"$19,473"
67480,Oyster Perpetual 31,,~$2400,"$4,285"
6916,Lady Datejust 26,,,"$3,274"
1016,Explorer,,~$4000,"$14,615"
6265,Cosmograph Daytona,,,"$68,826"
116710,GMT-Master II,,"$8,450","$11,123"
1007,Oyster Perpetual 34,,,"$3,029"
6466,Oysterdate Precision,,~$1900,"$2,324"
50509,Time,,"$15,200","$10,662"
178241,Datejust 31,,~$10100,"$8,547"
16203,Datejust,,~$4600,"$6,466"
228348RBR,Day-Date 40,,"$58,000","$54,187"
15010,Date,,,"$3,972"
168000,Submariner Date,,,"$10,357"
14233,Oyster Perpetual 34,,~$3200,"$4,984"
68240,Datejust 31,,~$3700,"$4,595"
168623,Yacht-Master 35 Rolesor,,~$12000,"$7,875"
118135,Day-Date 36 Everose,,~$25300,"$19,040"
118208,Day-Date 36 Yellow Gold,,"$29,650","$22,235"
278384RBR,Datejust 31,,"$15,250","$16,321"
278344RBR,Datejust 31,,"$11,650","$13,366"
5116,Cellini,,,"$3,850"
5330,Cellini Cestello,,~$9400,"$5,354"
80319,Pearlmaster 29,,~$32600,"$13,423"
126201,Datejust 36,,"$12,700","$12,177"
128235,Day-Date 36,,"$39,500","$40,320"
78240,Datejust 31,,~$5300,"$4,790"
17000,Oysterquartz,,,"$5,974"
126334,Datejust 41,,"$10,350","$12,533"
50535,Moonphase,,"$26,700","$23,505"
16610,Submariner,,"$7,375","$8,616"
214270,Explorer,,"$6,550","$6,753"
16263,Thunderbird Turn-O-Graph,,,"$5,498"
118239,Day-Date 36 White Gold,,~$36300,"$21,749"
80315,Pearlmaster,,~$34300,"$19,526"
126067,Deepsea Challenge RLX Titanium,,"$25,950","$40,297"
336235,Sky-Dweller,,"$44,500","$37,237"
336235-0002,Sky-Dweller,,"$44,500","$36,378"
336938,Sky-Dweller,,"$50,000","$46,183"
67183,Ladies Oyster Perpetual,,,"$3,581"
136668LB,Sea-Dweller,,"$54,200","$56,435"
6827,Datejust 31,,,"$5,408"
15203,Oyster Perpetual Date 34,,~$4000,"$4,861"
6263,Cosmograph Daytona,,,"$101,944"
1600,Datejust,,,"$4,349"
1505,Date,,~$1900,"$3,519"
69160,Oyster Perpetual Lady Date 26,,~$3300,"$3,707"
5112,Cellini,,,"$3,681"
5115,Cellini,,~$6700,"$3,738"
78274,Datejust 31,,~$3500,"$6,233"
16238,Datejust 36,,~$13600,"$18,305"
18248,Day-Date President 36,,~$9500,"$16,848"
178383,Datejust 31 Rolesor Yellow,,~$15800,"$12,655"
69163,Lady Datejust 26,,~$4000,"$4,218"
228349RBR,Day-Date 40,,"$61,100","$56,727"
18039,Day-Date 36,,,"$16,460"
116263,Datejust Turn-O-Graph,,"$9,900","$8,598"
114234,Air-King,,~$6800,"$5,770"
336239,Sky-Dweller 42,,"$44,500","$35,457"
16750,GMT-Master,,~$3000,"$13,618"
218235,Day-Date II Everose Ivory Roman,,~$39300,"$37,498"
76030,Oyster Perpetual 26,,~$2400,"$2,842"
179178,Lady Datejust 26,,~$26900,"$12,978"
118205,Day-Date President 36,,~$31600,"$23,632"
118206,Day-Date 36,,~$62700,"$29,458"
16550,Explorer II,,~$3200,"$15,776"
67193,Ladies Two-Tone 24,,,"$3,518"
6517,Lady Datejust 26,,,"$3,060"
1625,"Datejust ""Thunderbird""",,,"$4,968"
279160,Lady Datejust,,"$6,900","$6,684"
228345RBR,Day-Date 40,,"$61,100","$56,129"
178341,Datejust 31 Rolesor Everose Domed,,~$12900,"$11,973"
78273,Datejust 31 Two-Tone,,,"$7,532"
16018,Datejust 36,,,"$12,159"
4233,Cellini,,~$7500,"$4,168"
228236,Day-Date 40,,"$63,300","$75,652"
18078,Bark Day-Date,,,"$14,065"
16753,GMT-Master,,~$6100,"$10,741"
326939,Sky-Dweller,,~$53100,"$28,661"
326939-0001,Sky-Dweller,White Dial,,"$27,979"
326939-0002,Sky-Dweller,Black Dial,,"$32,289"
68623,Yacht-Master Midsize,,~$5900,"$7,228"
16253,Thunderbird Turn-O-Graph,,,"$5,057"
178243,Datejust 31,,~$9700,"$10,019"
1019,Milgauss,,,"$26,082"
169628,Yacht-Master Ladies,,~$26700,"$12,492"
228396TBR,Day-Date 40,,"$111,800","$111,402"
279178,Lady Datejust,,"$27,100","$23,629"
18948,Day-Date Yellow Gold,,~$67800,"$35,622"
178278,Datejust 31 Yellow Gold,,~$29500,"$21,444"
178343,Datejust 31 Rolesor Yellow Domed,,~$12500,"$10,752"
326139,Sky-Dweller,,~$43000,"$24,892"
326139-0003,Sky-Dweller,Black Dial,,"$24,884"
326139-0004,Sky-Dweller,White Dial,,"$32,321"
278343RBR,Datejust 31,,"$14,150","$14,786"
278285RBR,Datejust 31,,"$46,100","$41,580"
116138,Datejust 36,,~$21200,"$12,684"
177234,Oyster Perpetual 31,,~$6700,"$5,848"
69318,Pearlmaster 29,,~$23600,"$12,965"
68628,Yacht-Master 35,,~$20400,"$14,593"
76094,Oyster Perpetual 26,,~$2700,"$2,961"
69628,Yacht-Master 29,,,"$12,962"
19018,Oysterquartz Day-Date,,,"$13,445"
16000,Datejust,,,"$5,551"
16803,Submariner Date,,,"$9,433"
69240,Oyster Perpetual Lady Date 26,,~$3200,"$3,469"
279384RBR,Lady Datejust,,"$14,550","$15,219"
118138,Day-Date 36,,~$23600,"$22,220"
1655,Explorer II,,,"$25,074"
4112,Cellini,,~$5100,"$3,856"
6694,Oysterdate Precision,,~$2400,"$2,659"
126203,Datejust 36,,"$12,300","$11,460"
1005,Oyster Perpetual,,,"$4,259"
1665,Sea-Dweller Double Red,,~$19000,"$22,117"
178384,Datejust 31,,~$14000,"$12,009"
16760,GMT-Master,,~$3000,"$13,246"
79190,Date,,~$2400,"$3,531"
50519,Date,,"$17,900","$13,175"
116610,Submariner,,"$8,950","$10,465"
19019,OysterQuartz Day-Date,,,"$22,211"
19028,19028,,,"$16,422"
178246,Datejust 31,,~$57800,"$21,808"
116758SARU,GMT-Master II,,~$85800,"$106,749"
116758SA,GMT-Master II,,~$83400,"$108,475"
128396TBR,Day-Date,,"$90,000","$81,076"
68243,Datejust 31,,,"$5,600"
79179,Ladies Datejust,,,"$9,518"
3761,Cellini,,~$21100,"$2,628"
3612,Cellini,,~$21700,"$9,350"
218398,Day-Date 41,,~$94100,"$88,573"
67243,Ladies Oyster Perpetual,,,"$3,353"
67488,Oyster Perpetual 31,,,"$9,231"
6290,Oyster Perpetual,,,"$4,490"
118338,Day-Date,,~$40700,"$31,574"
116208,Datejust 36,,~$29700,"$20,526"
81319,Pearlmaster,,~$37600,"$27,039"
67188,Ladies Oyster Perpetual,,,"$6,077"
6673,Cellini,,~$18400,"$8,615"
6671,Cellini,,~$14700,"$5,656"
6311,Cellini,,~$18200,"$7,804"
6110,Cellini,,~$5500,"$3,164"
5443,Cellini Prince,,~$20000,"$10,339"
116759SANR,GMT-Master II,,~$136700,"$80,461"
126529LN,Daytona,,"$51,400","$221,797"
79138,Ladies Datejust,,,"$10,884"
18108,Day-Date 36,,,"$17,571"
68238,Ladies Datejust,,,"$16,606"
69139,Ladies Datejust,,,"$7,195"
14238,Oyster Perpetual 34,,,"$9,372"
6294,Oyster Date,,,"$3,154"
177210,Oyster Perpetual 31,,~$5500,"$4,484"
81315,Pearlmaster,,~$37600,"$27,444"
67513,Oyster Perpetual 31,,,"$4,682"
77014,Oyster Perpetual 31,,~$6300,"$4,876"
69068,Ladies Datejust,,,"$13,118"
15003,Oyster Perpetual Date,,,"$3,989"
15007,Date,,,"$6,497"
16248,Datejust Yellow Gold,,,"$9,890"
6519,Date,,,"$2,050"
67518,Oyster Perpetual 31,,,"$7,052"
67194,Ladies Oyster Perpetual,,~$2400,"$3,156"
67483,Oyster Perpetual 31,,,"$4,504"
18338,Day-Date 36,,,"$22,289"
69238,Ladies Datejust,,,"$9,659"
77483,Oyster Perpetual 31,,,"$5,147"
69168,Ladies Datejust,,,"$6,579"
16078,Datejust 36,,,"$9,137"
128236,Day-Date 36,,"$58,900","$54,529"
6691,Cellini,,~$14800,"$3,580"
6681,Cellini,,~$16300,"$6,670"
6321,Cellini,,~$20800,"$6,291"
179136,Ladies Datejust,,~$58000,"$21,618"
18028,Day-Date,,,"$9,407"
69288,Ladies Datejust,,,"$10,615"
18308,Day-Date 36,,,"$16,255"
81339,Pearlmaster,,~$54500,"$31,196"
14208,Oyster Perpetual 34,,,"$8,666"
18296,Day-Date,,,"$26,537"
5241,Cellini Platinum,,~$19000,"$12,735"
179165,Ladies Datejust,,~$27800,"$11,996"
179166,Ladies Datejust,,~$47800,"$17,619"
218348,Day-Date II,,~$54600,"$51,401"
179238,Ladies Datejust,,~$28800,"$18,169"
118339,Day-Date 36,,~$40800,"$25,718"
18388,Day-Date 36,,,"$27,393"
18206,Day-Date 36,,,"$29,022"
6229,Cellini,,~$6700,"$3,004"
5442,Cellini Prince,,~$20000,"$12,470"
116759SARU,GMT-Master II,,~$89700,"$101,221"
116758SANR,GMT-Master II,,~$132700,"$95,366"
116759SA,GMT-Master II,,~$109900,"$109,279"
116199SANR,Datejust 36,,~$95200,"$50,679"
50705RBR,Cellini,,~$24700,"$14,529"
6693,Cellini,,~$13300,"$8,469"
6221,Cellini,,~$84300,"$4,881"
5441,Cellini Prince,,~$20000,"$10,405"
5440,Cellini Prince,,~$18200,"$12,487"
5240,Cellini,,~$18400,"$7,548"
118366,Day-Date 36,,~$124400,"$68,871"
52508,1908,,"$23,000","$24,704"
6623,Cellini,,~$10900,"$3,746"
17014,Datejust Oysterquartz,,,"$5,746"
5700,Air-King Date,,,"$3,884"
69138,Lady Datejust President 26,,~$21900,"$10,420"
6494,Oysterdate Precision,,,"$2,742"
6618,Oyster Perpetual 24,,,"$2,564"
6621,Cellini,,~$8600,"$3,151"
79163,Lady Datejust 26,,~$3400,"$4,089"
6430,Oyster Speedking Precision,,,"$2,501"
69623,Yacht-Master 29,,,"$4,939"
76193,Oyster Perpetual 26,,~$5100,"$3,970"
218239,Day-Date II White Gold Chocolate Roman,,"$39,250","$30,396"
67230,Oyster Perpetual 26,,~$3200,"$2,606"
6516,Oyster Perpetual Lady Date 26,,"$2,236",
128239,Day-Date 36,,"$39,500","$39,621"
6718,Oyster Perpetual 26,,,"$2,812"
69278,Lady Datejust 26,,,"$7,388"
6605,Datejust,,,"$5,052"
79240,Ladies Datejust,,~$2300,"$3,306"
6619,Ladies Oyster Perpetual 26,,,"$2,689"
1003,Oyster Perpetual,,,"$2,995"
1550,Date,,,"$3,244"
4444,Oyster Royal,,,"$1,822"
6565,Oyster Perpetual,,,"$2,467"
1807,Day-Date President,,,"$11,091"
15037,Date,,,"$7,946"
2940,Bubbleback,,,"$2,193"
179138,Ladies Datejust President,,~$38100,"$16,603"
16758,GMT-Master,,,"$27,506"
179159,Ladies Datejust,,~$41900,"$18,388"
6536,Submariner,,~$3800,"$29,763"
179384,Ladies Datejust,,~$13800,"$8,838"
1018,Oyster Perpetual,,,"$3,879"
15505,Date,,,"$3,965"
179163,Lady Datejust,,~$9200,"$5,315"
4311,Cellini,,,"$3,813"
6094,Oysterdate Precision,,,"$2,199"
6427,Oyster Precision,,,"$2,807"
118209,Day-Date,,~$36200,"$23,771"
178344,Ladies Datejust,,~$10700,"$10,615"
78243,Ladies Datejust,,,"$3,799"
18349,Day-Date 36 White Gold,,,"$21,318"
18348,Day-Date Diamond Bezel,,,"$22,866"
178313,Datejust 31 Rolesor Yellow Fluted,,~$11600,"$10,533"
116185,Datejust 36 Everose Strap Ivory Roman,,~$35500,"$21,922"
116189,Datejust 36 White Gold Diamond Strap Pink Waves,,~$36100,"$22,047"
118346,Day-Date 36 Platinum Diamonds,,~$77100,"$37,054"
118348,Day-Date 36,,~$49500,"$35,125"
116589,Daytona White Gold Double Row Strap Black,,~$54300,"$98,198"
116598,Cosmograph Daytona,,~$75400,"$92,590"
116599,Daytona White Gold Diamond Strap Roman,,,"$98,950"
179161,Lady Datejust 26 Rolesor Everose Jubilee Silver Diamond,,~$9100,"$6,402"
279383,Lady Datejust 28,,,"$13,771"
16003,Datejust 36,,,"$5,077"
326138,Sky-Dweller,,~$41700,"$29,683"
326138-0003,Sky-Dweller,Silver Dial,,"$29,651"
326138-0008,Sky-Dweller,Black Dial,,"$32,558"
326138-0006,Sky-Dweller,,,"$27,687"
326138-0010,Sky-Dweller,White Dial,,"$31,404"
69258,Lady Datejust,,~$12700,"$11,394"
278241,Datejust 31 Stainless Steel,,"$11,200","$12,090"
116135,Datejust 36 Everose Strap Ivory Roman,,~$24200,"$16,532"
116188,Datejust 36 Yellow Gold Diamond Strap Mother of Peaerl,,~$36300,"$20,993"
128348RBR,Day-Date 36,,"$51,800","$58,569"
128349RBR,Day-Date 36,,"$54,800","$52,703"
279161,Lady Datejust,,"$10,350","$9,920"
279138RBR,Lady Datejust,,"$37,300","$30,790"
279175,Lady Datejust,,"$29,600","$25,967"
279136RBR,Lady Datejust,,~$57400,"$43,687"
128345RBR,Day-Date 36,,"$54,800","$66,285"
5508,Submariner,,,"$22,599"
16250,Datejust,,,"$5,439"
178288,Datejust 31,,~$41300,"$30,424"
116238,Datejust 36 Yellow Gold,,~$29700,"$22,172"
178279,Datejust 31 White Gold,,~$30700,"$18,424"
118139,Day-Date 36,,~$26000,"$22,634"
118388,Day-Date 36,,~$58400,"$37,536"
118389,Day-Date 36,,~$64600,"$32,901"
179313,Lady Datejust 26 Rolesor Fluted Diamond Mother-of-Pearl,,~$15700,"$8,265"
179383,Lady Datejust 26 Rolesor Diamond Mother-of-Pearl Diamond Jubilee,,~$14900,"$12,455"
279381,Lady Datejust 28 Rolesor Rose,,,"$15,417"
279384,Lady Datejust 28,,,"$13,513"
116659,Submariner Date,,~$100500,"$131,325"
228398TBR,Day-Date 40,,"$89,200","$80,834"
279163,Lady Datejust,,"$10,050","$9,039"
279135RBR,Lady Datejust,,"$39,900","$31,657"
278243,Datejust 31,,"$10,900","$11,563"
278341RBR,Datejust 31,,"$14,500","$15,466"
278278,Datejust 31,,"$31,300","$30,624"
278288RBR,Datejust 31,,"$43,400","$36,481"
278289RBR,Datejust 31,,"$46,100","$35,335"
278275,Datejust 31,,"$34,100","$31,610"
81318,Pearlmaster 34,,~$34700,"$25,061"
81298,Pearlmaster 34,,~$49200,"$42,365"
86285,Pearlmaster 39,,~$68700,"$64,975"
50529,Dual Time,,~$20800,"$11,457"
50709RBR,Time,,~$24700,"$14,558"
5501,Air-King,,,"$3,364"
218349,Day-Date II 41,,~$95800,"$55,367"
6241,Cosmograph Daytona,,,"$216,780"
6239,Cosmograph Daytona,,,"$67,445"
6085,Oyster Perpetual 34,,,"$3,974"
6622,Cellini,,,"$4,286"
15233,Oyster Perpetual Date 34,,,"$4,432"
176234,Oyster Perpetual 26,,"$7,850","$4,174"
5100,Beta 21,,,"$7,477"
115210,Oyster Perpetual Date 34,,~$7000,"$5,577"
176210,Oyster Perpetual 26,,~$5400,"$3,460"
6610,Explorer,,,"$13,979"
67514,Oyster Perpetual 31,,,"$4,865"
179179,Lady Datejust 26,,~$27800,"$13,244"
69179,Lady Datejust 26,,,"$8,537"
116139,Datejust 36,,~$18000,"$13,043"
6084,Oyster Perpetual 34,,,"$3,583"
6564,Oyster Perpetual 34,,,"$2,685"
68279,Datejust 31,,,"$12,358"
4243,Cellini,,~$10300,"$7,791"
80299,Pearlmaster 29,,~$73200,"$16,046"
6305,Datejust 36,,,"$7,357"
3372,Oyster Perpetual 32,,,"$3,644"
18346,Day-Date 36,,,"$30,266"
6627,Lady Datejust 31,,,"$7,589"
1802,Day-Date 36,,,"$16,355"
69298,Pearlmaster 29,,~$21300,"$16,293"
15038,Oyster Perpetual Date 34,,,"$8,075"
6538,Submariner,,,"$17,340"
6751,Oyster Perpetual 31,,,"$4,062"
69190,Oyster Perpetual Lady Date 26,,~$2300,"$3,251"
6262,Cosmograph Daytona,,~$38000,"$67,098"
178275,Datejust 31,,~$30700,"$24,623"
14203,Oyster Perpetual 34,,,"$4,916"
18946,Day-Date 39,,~$107800,"$52,425"
6424,Oyster Precision 36,,,"$2,834"
67198,Oyster Perpetual 24,,,"$6,037"
179158,Lady Datejust 26,,~$39200,"$20,852"
2508,Chronograph,,,"$8,777"
6567,Oyster Perpetual 34,,,"$5,123"
16718,GMT-Master II,,,"$31,050"
6105,Datejust 36,,,"$5,551"
1008,Oyster Perpetual 34,,,"$2,565"
6234,Pre-Daytona,,,"$25,315"
80298,Pearlmaster 29,,~$47300,"$18,475"
6542,GMT-Master,,,"$33,508"
168628,Yacht-Master 35,,~$29400,"$14,853"
6238,Pre-Daytona,,,"$41,137"
179175,Lady Datejust 26,,~$29500,"$16,987"
69158,Lady Datejust 26,,,"$15,489"
6551,Oyster Perpetual 31,,,"$4,147"
18048,Day-Date President 36,,,"$17,945"
6748,Oyster Perpetual 31,,,"$4,351"
69088,Lady Datejust 26,,,"$12,679"
6082,Oyster Precision 36,,,"$2,223"
6284,Oyster Perpetual 34,,,"$3,164"
6609,Datejust Turn-O-Graph,,,"$4,216"
15238,Oyster Perpetual Date 34,,,"$9,757"
6927,Lady Datejust 26,,,"$5,282"
5504,Explorer,,,"$5,533"
179168,Lady Datejust 26,,"$20,600","$11,931"
6202,Turn-O-Graph,,,"$18,041"
81209,Pearlmaster 34,,~$33400,"$16,623"
6240,Cosmograph Daytona,,,"$5,851"
76183,Oyster Perpetual 24,,~$3200,"$4,260"
6611,Day-Date 36,,,"$9,932"
118296,Day-Date 36,,~$71700,"$31,793"
126283RBR,Datejust 36,,"$19,450","$20,202"
1024,Oyster Perpetual,,,"$2,637"
16808,Submariner Yellow Gold,,,"$26,323"
80318,Pearlmaster Yellow Gold,,~$30000,"$13,684"
278383RBR,Datejust 31,,"$17,700","$19,298"
5512,Submariner,,,"$20,366"
16660,Sea-Dweller Triple Six,,~$5300,"$9,677"
278381RBR,Datejust 31,,"$18,000","$18,827"
16519,Daytona Zenith,,~$13900,"$35,619"
